{"name":"Camomile","created":"2017-01-05T05:37:49.473Z","intents":[{"intent":"Cancel_Reservation","created":"2017-02-23T08:56:32.015Z","updated":"2017-02-23T08:56:32.015Z","examples":[{"text":"cancel a reservation","created":"2017-02-23T08:56:32.015Z","updated":"2017-02-23T08:56:32.015Z"},{"text":"delete a reservation record","created":"2017-02-23T08:56:32.015Z","updated":"2017-02-23T08:56:32.015Z"},{"text":"I want to cancel a reservation","created":"2017-02-23T08:56:32.015Z","updated":"2017-02-23T08:56:32.015Z"},{"text":"may I cancel a reservation?","created":"2017-02-23T08:56:32.015Z","updated":"2017-02-23T08:56:32.015Z"},{"text":"My meeting is canceled","created":"2017-02-23T08:56:32.015Z","updated":"2017-02-23T08:56:32.015Z"}],"description":null},{"intent":"Check_Next_Reservation","created":"2017-02-23T08:54:37.143Z","updated":"2017-02-26T04:12:40.108Z","examples":[{"text":"can I get information for the next meeting?","created":"2017-02-23T08:54:37.143Z","updated":"2017-02-23T08:54:37.143Z"},{"text":"give me information for the next reservation","created":"2017-02-23T08:54:37.143Z","updated":"2017-02-23T08:54:37.143Z"},{"text":"what is my next reservation?","created":"2017-02-23T08:54:37.143Z","updated":"2017-02-23T08:54:37.143Z"},{"text":"what room is booked for the next meeting?","created":"2017-02-23T08:54:37.143Z","updated":"2017-02-23T08:54:37.143Z"},{"text":"when is the next meeting?","created":"2017-02-23T08:54:37.143Z","updated":"2017-02-23T08:54:37.143Z"}],"description":null},{"intent":"Check_Reservation_List","created":"2017-02-23T08:52:25.834Z","updated":"2017-02-23T08:55:03.839Z","examples":[{"text":"Can I get all the reservations that I made?","created":"2017-02-23T08:52:25.834Z","updated":"2017-02-23T08:52:25.834Z"},{"text":"Can you give me a reservation list?","created":"2017-02-23T08:52:25.834Z","updated":"2017-02-23T08:52:25.834Z"},{"text":"Let me know my reservations","created":"2017-02-23T08:52:25.834Z","updated":"2017-02-23T08:52:25.834Z"},{"text":"List all the booking information","created":"2017-02-23T08:52:25.834Z","updated":"2017-02-23T08:52:25.834Z"},{"text":"Reservation List","created":"2017-02-23T08:52:25.834Z","updated":"2017-02-23T08:52:25.834Z"},{"text":"What are the upcoming resrevations?","created":"2017-02-23T08:55:03.839Z","updated":"2017-02-23T08:55:03.839Z"}],"description":null},{"intent":"Greeting","created":"2017-01-05T05:44:38.930Z","updated":"2017-01-05T09:13:34.645Z","examples":[{"text":"Good afternoon","created":"2017-01-05T05:44:38.930Z","updated":"2017-01-05T05:44:38.930Z"},{"text":"Good morning","created":"2017-01-05T05:44:38.930Z","updated":"2017-01-05T05:44:38.930Z"},{"text":"Goot evening","created":"2017-01-05T05:44:38.930Z","updated":"2017-01-05T05:44:38.930Z"},{"text":"Hello","created":"2017-01-05T05:44:38.930Z","updated":"2017-01-05T05:44:38.930Z"},{"text":"Hi","created":"2017-01-05T05:44:38.930Z","updated":"2017-01-05T05:44:38.930Z"},{"text":"How are you","created":"2017-01-05T05:44:38.930Z","updated":"2017-01-05T05:44:38.930Z"},{"text":"Howdy","created":"2017-01-05T05:44:38.930Z","updated":"2017-01-05T05:44:38.930Z"},{"text":"today","created":"2017-01-05T09:13:34.645Z","updated":"2017-01-05T09:13:34.645Z"}],"description":null},{"intent":"PositiveAnswer","created":"2017-03-22T07:53:23.574Z","updated":"2017-03-22T07:53:23.574Z","examples":[{"text":"Absolutely","created":"2017-03-22T07:53:23.574Z","updated":"2017-03-22T07:53:23.574Z"},{"text":"Of course","created":"2017-03-22T07:53:23.574Z","updated":"2017-03-22T07:53:23.574Z"},{"text":"OK","created":"2017-03-22T07:53:23.574Z","updated":"2017-03-22T07:53:23.574Z"},{"text":"Sure","created":"2017-03-22T07:53:23.574Z","updated":"2017-03-22T07:53:23.574Z"},{"text":"Why not","created":"2017-03-22T07:53:23.574Z","updated":"2017-03-22T07:53:23.574Z"},{"text":"Y","created":"2017-03-22T07:53:23.574Z","updated":"2017-03-22T07:53:23.574Z"},{"text":"Yep","created":"2017-03-22T07:53:23.574Z","updated":"2017-03-22T07:53:23.574Z"},{"text":"Yes","created":"2017-03-22T07:53:23.574Z","updated":"2017-03-22T07:53:23.574Z"}],"description":null},{"intent":"Reservation","created":"2017-01-05T05:48:04.382Z","updated":"2017-01-05T09:13:35.200Z","examples":[{"text":"Can I book a room?","created":"2017-01-05T05:48:04.382Z","updated":"2017-01-05T05:48:04.382Z"},{"text":"I'd like to book a meeting room","created":"2017-01-05T05:48:04.382Z","updated":"2017-01-05T05:48:04.382Z"},{"text":"I'm going to have a meeting","created":"2017-01-05T05:48:04.382Z","updated":"2017-01-05T05:48:04.382Z"},{"text":"Is a conference room available?","created":"2017-01-05T05:48:04.382Z","updated":"2017-01-05T05:48:04.382Z"},{"text":"Is there a vacant room?","created":"2017-01-05T05:48:04.382Z","updated":"2017-01-05T05:48:04.382Z"},{"text":"I want to make reservation for a conference room","created":"2017-01-05T05:48:04.382Z","updated":"2017-01-05T05:48:04.382Z"},{"text":"reservation","created":"2017-01-05T08:11:40.451Z","updated":"2017-01-05T08:11:40.451Z"},{"text":"Where can I have a meeting?","created":"2017-01-05T05:48:04.382Z","updated":"2017-01-05T05:48:04.382Z"}],"description":null}],"updated":"2017-03-22T07:54:52.578Z","entities":[{"type":null,"entity":"Room","source":null,"values":[{"value":"10F01/Seoul","created":"2017-01-05T06:11:42.613Z","updated":"2017-01-05T06:11:42.613Z","metadata":null,"synonyms":["10F01"]},{"value":"11F01/Seoul","created":"2017-01-05T06:11:42.613Z","updated":"2017-01-05T06:11:42.613Z","metadata":null,"synonyms":["11F01"]}],"created":"2017-01-05T06:11:42.613Z","updated":"2017-01-05T06:11:42.613Z","open_list":false,"description":null},{"type":null,"entity":"sys-date","source":"system.entities","values":[],"created":"2017-01-05T06:23:31.189Z","updated":"2017-01-05T06:23:31.189Z","open_list":false,"description":null},{"type":null,"entity":"sys-number","source":"system.entities","values":[],"created":"2017-03-03T12:28:20.727Z","updated":"2017-03-03T12:28:20.727Z","open_list":false,"description":null},{"type":null,"entity":"sys-time","source":"system.entities","values":[],"created":"2017-01-05T06:23:30.483Z","updated":"2017-01-05T06:23:30.483Z","open_list":false,"description":null}],"language":"en","metadata":{"runtime_version":"2016-09-20"},"description":null,"dialog_nodes":[{"go_to":null,"output":{},"parent":null,"context":null,"created":"2017-01-05T06:35:49.646Z","updated":"2017-02-23T08:46:56.634Z","metadata":null,"conditions":"#Greeting","description":null,"dialog_node":"Greeting","previous_sibling":"Conversation start"},{"go_to":null,"output":{},"parent":null,"context":{"user":{"id":"hjjo\\@kr.ibm.com"},"action":{"command":"check-next-reservation"}},"created":"2017-02-24T06:02:19.876Z","updated":"2017-03-04T02:20:40.486Z","metadata":null,"conditions":"#Check_Next_Reservation","description":null,"dialog_node":"Check Next Meeting","previous_sibling":"Check Reservation"},{"go_to":null,"output":{},"parent":null,"context":{"user":{"id":"hjjo\\@kr.ibm.com"},"action":{"command":"check-reservation"}},"created":"2017-02-24T06:00:04.900Z","updated":"2017-03-04T02:20:05.497Z","metadata":null,"conditions":"#Check_Reservation_List","description":null,"dialog_node":"Check Reservation","previous_sibling":"Reservation"},{"go_to":null,"output":{},"parent":null,"context":{"user":{"id":"hjjo\\@kr.ibm.com"},"action":{"command":"check-reservation-for-cancellation"}},"created":"2017-02-24T06:02:54.798Z","updated":"2017-03-04T02:22:17.509Z","metadata":null,"conditions":"#Cancel_Reservation","description":null,"dialog_node":"Cancel Reservation","previous_sibling":"Check Next Meeting"},{"go_to":null,"output":{"text":{"values":["Your reservation is successfully cancelled. Thanks !"]}},"parent":"Cancel Reservation","context":{"action":{"command":"confirm-cancellation"},"removeIndex":"<? @sys-number - 1 ?>"},"created":"2017-03-03T11:46:57.665Z","updated":"2017-03-04T02:22:34.637Z","metadata":null,"conditions":"@sys-number","description":null,"dialog_node":"node_1_1488541618078","previous_sibling":null},{"go_to":null,"output":{"text":{"values":["Canceled. please start again."],"selection_policy":"sequential"}},"parent":"node_20_1483603120565","context":{"action":null},"created":"2017-02-10T09:26:30.472Z","updated":"2017-02-12T08:39:25.824Z","metadata":null,"conditions":"true","description":null,"dialog_node":"node_2_1486718790843","previous_sibling":"node_1_1486718462042"},{"go_to":null,"output":{"text":{"values":["I'm sorry. I can't understand you. Please start again."],"selection_policy":"sequential"}},"parent":"node_23_1483603351911","context":null,"created":"2017-01-05T09:47:22.359Z","updated":"2017-01-12T09:24:15.775Z","metadata":null,"conditions":"true","description":null,"dialog_node":"node_7_1483609642985","previous_sibling":"node_6_1483609586236"},{"go_to":null,"output":{"text":{"values":["I'm sorry. I can't understand you. Please start again."],"selection_policy":"sequential"}},"parent":"node_26_1483603505988","context":null,"created":"2017-01-05T09:43:30.332Z","updated":"2017-01-05T09:47:10.392Z","metadata":null,"conditions":"true","description":null,"dialog_node":"node_5_1483609410015","previous_sibling":"node_2_1483607794247"},{"go_to":null,"output":{"text":{"values":["I'm sorry, I don't understand. Please try again."],"selection_policy":"sequential"}},"parent":null,"context":null,"created":"2017-01-05T06:28:59.093Z","updated":"2017-01-12T08:21:50.696Z","metadata":null,"conditions":"anything_else","description":null,"dialog_node":"node_4_1483597739886","previous_sibling":"Cancel Reservation"},{"go_to":null,"output":{"text":{"values":["I'm sorry. Please tell me the dates that you want to book a room. For example, you can say in format \"mm/dd/yyyy\""],"selection_policy":"sequential"}},"parent":"node_12_1483599807143","context":null,"created":"2017-01-05T08:02:31.189Z","updated":"2017-01-12T09:15:19.454Z","metadata":null,"conditions":"true","description":null,"dialog_node":"node_23_1483603351911","previous_sibling":"Check sys-date entity"},{"go_to":null,"output":{"text":{"values":["I'm sorry. Please tell me the times. You can tell me like this. \"From 13:00 To 14:00\""],"selection_policy":"sequential"}},"parent":"node_19_1483603082723","context":null,"created":"2017-01-05T08:05:05.253Z","updated":"2017-01-12T09:32:07.822Z","metadata":null,"conditions":"true","description":null,"dialog_node":"node_26_1483603505988","previous_sibling":"node_25_1483603462681"},{"go_to":null,"output":{"text":{"values":["I'm sorry. You're not a registered user in our system."],"selection_policy":"sequential"}},"parent":"Reservation","context":null,"created":"2017-01-05T07:10:02.195Z","updated":"2017-01-12T09:11:36.288Z","metadata":null,"conditions":"true","description":null,"dialog_node":"node_16_1483600202721","previous_sibling":"node_11_1483599761943"},{"go_to":null,"output":{"text":{"values":["OK. <? context.room ?> at <? context.times.get(0).value ?>, <? context.dates ?> is reserved for you."],"selection_policy":"sequential"}},"parent":"node_20_1483603120565","context":{"action":{"dates":"$dates","times":"$times","command":"confirm-reservation"}},"created":"2017-02-10T09:21:01.742Z","updated":"2017-03-22T07:53:56.384Z","metadata":null,"conditions":"#PositiveAnswer","description":null,"dialog_node":"node_1_1486718462042","previous_sibling":null},{"go_to":null,"output":{"text":{"values":["Please try again :-D"],"selection_policy":"sequential"}},"parent":"Cancel Reservation","context":null,"created":"2017-03-03T12:44:13.398Z","updated":"2017-03-04T02:28:38.867Z","metadata":null,"conditions":"true","description":null,"dialog_node":"node_3_1488594161421","previous_sibling":"node_1_1488541618078"},{"go_to":null,"output":{"text":{"values":["$user.name, OK I will check the availabilty of room."],"selection_policy":"sequential"}},"parent":"node_11_1483599761943","context":{"action":{"dates":"$dates","times":"$times","command":"check-availability"}},"created":"2017-01-05T07:58:39.818Z","updated":"2017-03-08T07:58:34.668Z","metadata":null,"conditions":"true","description":null,"dialog_node":"node_20_1483603120565","previous_sibling":"node_19_1483603082723"},{"go_to":null,"output":{"text":{"values":["Welcome!"],"selection_policy":"sequential"}},"parent":null,"context":null,"created":"2017-01-05T06:27:19.453Z","updated":"2017-02-23T08:46:44.005Z","metadata":null,"conditions":"conversation_start","description":null,"dialog_node":"Conversation start","previous_sibling":null},{"go_to":null,"output":{"text":{"values":["What time do you prefer?"],"selection_policy":"sequential"}},"parent":"node_11_1483599761943","context":{"repeat":1},"created":"2017-01-05T07:58:02.023Z","updated":"2017-02-02T05:27:35.737Z","metadata":null,"conditions":"NOT $times || $times.length == 0","description":null,"dialog_node":"node_19_1483603082723","previous_sibling":"node_12_1483599807143"},{"go_to":null,"output":{"text":{"values":["When do you want to have a meeting?"],"selection_policy":"sequential"}},"parent":"node_11_1483599761943","context":{"repeat":1},"created":"2017-01-05T07:03:26.372Z","updated":"2017-01-12T09:12:25.775Z","metadata":null,"conditions":"NOT $dates","description":null,"dialog_node":"node_12_1483599807143","previous_sibling":null},{"go_to":{"return":null,"selector":"body","dialog_node":"node_11_1483599761943"},"output":{},"parent":"node_12_1483599807143","context":null,"created":"2017-01-05T08:01:20.397Z","updated":"2017-02-23T07:01:44.132Z","metadata":null,"conditions":"@sys-date","description":null,"dialog_node":"Check sys-date entity","previous_sibling":null},{"go_to":{"return":null,"selector":"body","dialog_node":"node_11_1483599761943"},"output":{},"parent":"node_19_1483603082723","context":null,"created":"2017-01-05T08:04:22.344Z","updated":"2017-01-05T08:04:53.938Z","metadata":null,"conditions":"@sys-time","description":null,"dialog_node":"node_25_1483603462681","previous_sibling":null},{"go_to":{"return":null,"selector":"body","dialog_node":"node_11_1483599761943"},"output":{},"parent":"node_23_1483603351911","context":null,"created":"2017-01-05T08:09:24.373Z","updated":"2017-01-05T08:10:09.289Z","metadata":null,"conditions":"@sys-date","description":null,"dialog_node":"node_29_1483603764400","previous_sibling":null},{"go_to":{"return":null,"selector":"body","dialog_node":"node_11_1483599761943"},"output":{},"parent":"node_26_1483603505988","context":null,"created":"2017-01-05T08:08:13.963Z","updated":"2017-01-05T09:16:24.078Z","metadata":null,"conditions":"@sys-time","description":null,"dialog_node":"node_27_1483603694052","previous_sibling":null},{"go_to":{"return":null,"selector":"condition","dialog_node":"node_11_1483599761943"},"output":{},"parent":"Reservation","context":{"user":{"id":"hjjo\\@kr.ibm.com","name":"HyeonJeong Jo","email":"hjjo\\@kr.ibm.com","phone":"01031229436"}},"created":"2017-01-05T06:41:50.171Z","updated":"2017-01-12T09:08:50.052Z","metadata":null,"conditions":"NOT $user","description":null,"dialog_node":"node_9_1483598510492","previous_sibling":"node_4_1483609320998"},{"go_to":{"return":null,"selector":"condition","dialog_node":"node_12_1483599807143"},"output":{},"parent":"Reservation","context":{"dates":"<? @sys-date?:$dates ?>","rooms":"<? @Room?:$rooms ?>","times":"<? @sys-time?entities['sys-time']:$times ?>"},"created":"2017-01-05T07:02:41.140Z","updated":"2017-03-03T12:46:25.293Z","metadata":null,"conditions":"$user","description":null,"dialog_node":"node_11_1483599761943","previous_sibling":"node_9_1483598510492"},{"go_to":{"return":null,"selector":"condition","dialog_node":"node_23_1483603351911"},"output":{},"parent":"node_23_1483603351911","context":{"repeat":"<? $repeat + 1 ?>"},"created":"2017-01-05T09:46:25.628Z","updated":"2017-01-12T09:22:23.930Z","metadata":null,"conditions":"$repeat < 3","description":null,"dialog_node":"node_6_1483609586236","previous_sibling":"node_29_1483603764400"},{"go_to":{"return":null,"selector":"condition","dialog_node":"node_26_1483603505988"},"output":{},"parent":"node_26_1483603505988","context":{"repeat":"<? $repeat + 1 ?>"},"created":"2017-01-05T09:16:33.579Z","updated":"2017-01-05T09:46:13.681Z","metadata":null,"conditions":"$repeat < 3","description":null,"dialog_node":"node_2_1483607794247","previous_sibling":"node_27_1483603694052"},{"go_to":{"return":null,"selector":"condition","dialog_node":"node_9_1483598510492"},"output":{},"parent":null,"context":null,"created":"2017-01-05T06:38:42.283Z","updated":"2017-02-23T08:47:10.472Z","metadata":null,"conditions":"#Reservation","description":null,"dialog_node":"Reservation","previous_sibling":"Greeting"},{"type":"response_condition","go_to":null,"output":{},"parent":"Reservation","context":{"dates":null,"rooms":null,"times":[]},"created":"2017-01-05T09:42:00.374Z","updated":"2017-02-02T05:25:57.908Z","metadata":null,"conditions":"","description":null,"dialog_node":"node_4_1483609320998","previous_sibling":null},{"type":"response_condition","go_to":null,"output":{"text":{"values":["Hi, what can I do for you?","Hello, may I help you?","Hey, what can I do for you?"],"selection_policy":"random"}},"parent":"Greeting","context":null,"created":"2017-01-05T06:36:08.669Z","updated":"2017-01-12T08:20:10.330Z","metadata":null,"conditions":" ","description":null,"dialog_node":"node_7_1483598167716","previous_sibling":null}],"workspace_id":"8dd88a9c-83ac-40f1-bd08-47b319c7c14c","counterexamples":[]}